{"_step":2,"train_loss":2.16504132270813,"train_acc":0.1978997374671834,"val_loss":2.117191889929393,"val_acc":0.22,"_timestamp":1.7804897348846562e+09,"_wandb":{"runtime":321},"_runtime":321}